Author ID,First Name,Last Name,Books,Biography,Publisher
1,John,Doe,"The Mystery of the Missing Key, Secrets of the Silent Forest","John Doe is a fictional author known for his captivating mystery novels. He has a knack for creating intricate plots and compelling characters that keep readers on the edge of their seats.",Mystery House Publications
2,Jane,Smith,"Echoes of Eternity, Whispers in the Wind","Jane Smith is an accomplished writer specializing in fantasy fiction. Her vivid imagination and descriptive prose transport readers to magical realms filled with adventure and wonder.",Fantasy Dream Press
3,Michael,Johnson,"The Last Stand, Into the Unknown","Michael Johnson is a bestselling author renowned for his thrilling suspense novels. With twists and turns at every corner, his stories leave readers breathless until the very end.",Thriller Tales Publishing
4,Emily,Brown,"Shadows of the Past, The Forgotten Realm","Emily Brown is an up-and-coming author with a talent for crafting heartwarming romance stories. Her charming narratives and relatable characters have won the hearts of readers worldwide.",Romance Avenue Books
5,David,Lee,"Rise of the Phoenix, Tales from the Dark Side","David Lee is a seasoned writer known for his epic science fiction sagas. His visionary storytelling and intricate world-building have earned him critical acclaim and a dedicated fanbase.",Galactic Explorations Publishing
6,Sarah,Taylor,"Beyond the Horizon, Under the Moonlight","Sarah Taylor is a versatile author who dabbles in various genres, from mystery to romance to historical fiction. Her ability to capture the essence of different time periods and settings is truly remarkable.",Versatile Ink Publishing
7,Robert,White,"The Edge of Tomorrow, Lost in Time","Robert White is a prolific author specializing in action-packed thrillers. With adrenaline-pumping plots and larger-than-life characters, his books are a must-read for fans of the genre.",Action Adventures Press
8,Amanda,Clark,"The Haunted Mansion, Cursed Treasure","Amanda Clark is a talented writer known for her spine-chilling horror novels. Her mastery of atmosphere and suspense keeps readers awake long into the night, haunted by her dark and twisted tales.",Horror Haven Publishing
9,Daniel,Green,"The Enchanted Garden, Wonders of the World","Daniel Green is a literary sensation, celebrated for his poignant literary fiction. His introspective narratives and profound insights into the human condition have garnered him numerous awards and accolades.",Literary Reflections Publishing
10,Jennifer,Hall,"Echoes of the Past, Footprints in the Sand","Jennifer Hall is a beloved author of heartwarming contemporary fiction. Her uplifting stories of love, friendship, and redemption resonate with readers of all ages, leaving a lasting impact on their hearts.",Heartfelt Stories Publishing
11,Kevin,Turner,"The Dark Knight Rises, Secrets of the Shadows","Kevin Turner is a master of espionage fiction, renowned for his gripping spy thrillers. His attention to detail and intricate plots keep readers guessing until the very end.",Covert Operations Publishing
12,Laura,Martinez,"The Lost City, Journey to the Unknown","Laura Martinez is an emerging voice in young adult fiction, known for her relatable characters and heartfelt coming-of-age stories. Her novels inspire and empower readers to navigate the complexities of adolescence with courage and resilience.",Teen Spirit Books
13,Matthew,Wilson,"The Art of Deception, Chasing Shadows","Matthew Wilson is a visionary author whose speculative fiction pushes the boundaries of imagination. His thought-provoking narratives challenge readers to contemplate the possibilities of the unknown, sparking conversations that transcend time and space.",Beyond Infinity Publishing
14,Rebecca,Jones,"Whispers of the Heart, Dreams of Tomorrow","Rebecca Jones is a bestselling author of psychological thrillers, known for her intricate plots and mind-bending twists. Her novels delve into the darkest corners of the human psyche, keeping readers on the edge of their seats until the very last page.",Mind Games Publishing
15,Paula,Garcia,"The Secret Keepers, Beyond the Veil","Paula Garcia is a renowned poet and essayist, celebrated for her lyrical prose and insightful reflections on life, love, and the human experience. Her words resonate deeply with readers, touching hearts and inspiring minds across the globe.",Verse & Vision Publishing
16,George,Adams,"The Forbidden Forest, Echoes from the Past","George Adams is a veteran journalist turned novelist, known for his gripping crime fiction inspired by real-life events. His novels shine a light on the complexities of the criminal justice system, captivating readers with their authenticity and depth.",True Crime Press
17,Victoria,Brown,"Shadows in the Mist, The Haunting Hour","Victoria Brown is a prolific author of historical fiction, renowned for her meticulously researched novels set against the backdrop of significant events in history. Her immersive storytelling transports readers to bygone eras, where they can experience the past in vivid detail.",Timeless Tales Publishing
18,Nicholas,Taylor,"The Legend of Atlantis, Guardians of the Galaxy","Nicholas Taylor is an award-winning children's author, known for his enchanting tales and whimsical illustrations. His books spark imagination and wonder in young readers, fostering a lifelong love of reading and learning.",Imaginary Adventures Publishing
19,Olivia,Roberts,"The Mystery of the Sphinx, Journey to Avalon","Olivia Roberts is a bestselling author of paranormal romance, known for her spellbinding tales of love and magic. Her novels transport readers to supernatural worlds where passion and danger collide, keeping them enthralled until the very end.",Ethereal Romance Books
20,William,Moore,"The Chronicles of Narnia, The Hobbit","William Moore is a respected scholar and author of non-fiction, known for his insightful explorations of history and culture. His books provide readers with a deeper understanding of the world around them, sparking curiosity and intellectual discovery.",Enlightenment Press